Disaster_Event,Disaster_Type,Slow_Departments,Needed_Priority,Critical_Lesson
"2015 Tamil Nadu, Rajasthan, Jharkhand, Assam, Andhra Pradesh, Himachal Pradesh, Nagaland; Maharashtra, Bihar, Madhya Pradesh, Chhattisgarh, Telangana, Jharkand, Odisha states Drought",Drought,Police,Police / Evacuation,"Widespread displacement (330000000 affected). Evacuation routes were clogged. Lesson: For major Droughts, prioritize Police to establish one-way evacuation routes before dispatching Fire/Medical."
"2002 Uttar Pradesh, Madhya Pradesh, Rajasthan, Punjab, Haryana, Delhi, Karnataka, Kerala, Nagaland, Orissa, Chhattisgarh, Himachal Pradesh, Gujarat, Maharashtra, Andhra Pradesh, Tamil Nadu provinces Drought",Drought,Police,Police / Evacuation,"Widespread displacement (300000000 affected). Evacuation routes were clogged. Lesson: For major Droughts, prioritize Police to establish one-way evacuation routes before dispatching Fire/Medical."
"1987 Gujarat, Rajasthan, Orissa, Madhya Pradesh, Andhra Pradesh, Maharashtra Drought",Drought,Police,Police / Evacuation,"Widespread displacement (300000000 affected). Evacuation routes were clogged. Lesson: For major Droughts, prioritize Police to establish one-way evacuation routes before dispatching Fire/Medical."
1972 Central Drought,Drought,Police,Police / Evacuation,"Widespread displacement (200000000 affected). Evacuation routes were clogged. Lesson: For major Droughts, prioritize Police to establish one-way evacuation routes before dispatching Fire/Medical."
"1993 Punjab, Haryana, Himachal Pradesh, Gujarat, Jammu and Kashmir, Rajasthan, Madhya Pradesh, Chandigarh, Assam states Flood",Flood,Police,Police / Evacuation,"Widespread displacement (128000000 affected). Evacuation routes were clogged. Lesson: For major Floods, prioritize Police to establish one-way evacuation routes before dispatching Fire/Medical."
1965 Nationwide except south Drought,Drought,Police,Police / Evacuation,"Widespread displacement (100000000 affected). Evacuation routes were clogged. Lesson: For major Droughts, prioritize Police to establish one-way evacuation routes before dispatching Fire/Medical."
"1982 districts of Bhiwani, Gurgaon, Hisar, Mahendargarh, and Rohtak, Kerala, Tami Nadu, Rajasthan Drought",Drought,Police,Police / Evacuation,"Widespread displacement (100000000 affected). Evacuation routes were clogged. Lesson: For major Droughts, prioritize Police to establish one-way evacuation routes before dispatching Fire/Medical."
"2000 New Delhi city (Delhi province), Gujarat, Rajasthan, Madhya Prasdesh, Andhra Pradesh, Orissa, Maharashtra provinces Drought",Drought,Police,Police / Evacuation,"Widespread displacement (50000000 affected). Evacuation routes were clogged. Lesson: For major Droughts, prioritize Police to establish one-way evacuation routes before dispatching Fire/Medical."
"2002 Barpeta, Bongaigaon, Cachar, Darrang, Dhemaji, Dhuburi, Dibrugarh, Goalpara, Golaghat, Jorhat, Kamrup, Karimganj, Kokrajhar, Lakhimpur, Marigaon, Nagaon, Nalbari, Sibsagar, Sonitpur, Tinsukia districts (Assam province), Araria, Begusarai, Bhagalpur, Darbhanga, Gopalganj, Katihar, Khagaria, Kishanganj, Madhepura, Madhubani, Muzaffarpur, Nalanda, Pashchim Champaran, Patna, Pruba Champaran, Purnia, Saharsa, Samastipur, Saran, Sheikhpura, Sheohar, Sitamarhi, Siwan, Supaul districts (Bihar province), Lahul and Spiti district (Himachal Pradesh province), Balaghat district (Madhya Pradesh province), Tehri Garhwal district (Uttarakhand province), Adilabad, Khammam, Karimnagar districts (Andhra Pradesh province), Jalpaiguri, Kochbihar, Darjiling districts (West Bengal province), Meghalaya, Tripura, Arunachal Pradesh, Gujarat, Kerala, Manipur, Maharashrta provinces Flood",Flood,Police,Police / Evacuation,"Widespread displacement (42000000 affected). Evacuation routes were clogged. Lesson: For major Floods, prioritize Police to establish one-way evacuation routes before dispatching Fire/Medical."
"1975 Northwest, Bihar Flood",Flood,Police,Police / Evacuation,"Widespread displacement (34000000 affected). Evacuation routes were clogged. Lesson: For major Floods, prioritize Police to establish one-way evacuation routes before dispatching Fire/Medical."
1982 Northeast Flood,Flood,Police,Police / Evacuation,"Widespread displacement (33500000 affected). Evacuation routes were clogged. Lesson: For major Floods, prioritize Police to establish one-way evacuation routes before dispatching Fire/Medical."
"2004 Darbhanga, Madhubani, Sitamarhi, Banka, Bhagalpur, Muzaffarpur, Sheohar districts (Bihar province), West Tripura, South Tripura districts (Tripura province), Kamrup, Nalbari, Darrang, Sonitpur, Dhemaji, Lakhimpur districts (Assam province), Gujarat, Jammu and Kashmir provinces Flood",Flood,Police,Police / Evacuation,"Widespread displacement (33000000 affected). Evacuation routes were clogged. Lesson: For major Floods, prioritize Police to establish one-way evacuation routes before dispatching Fire/Medical."
"1995 Bihar, Haryana, Punjab, Rajasthan, Himachal Pradesh, Jammu and Kasmir, Uttar Pradesh, West Bengal, Maharashtra states Flood",Flood,Police,Police / Evacuation,"Widespread displacement (32704000 affected). Evacuation routes were clogged. Lesson: For major Floods, prioritize Police to establish one-way evacuation routes before dispatching Fire/Medical."
"1978 North, Northeast Flood",Flood,Police,Police / Evacuation,"Widespread displacement (32000000 affected). Evacuation routes were clogged. Lesson: For major Floods, prioritize Police to establish one-way evacuation routes before dispatching Fire/Medical."
"1980 Uttar Pradesh, Bihar, Gujarat, Kerala, Haryana Flood",Flood,Police,Police / Evacuation,"Widespread displacement (30000023 affected). Evacuation routes were clogged. Lesson: For major Floods, prioritize Police to establish one-way evacuation routes before dispatching Fire/Medical."
"1997 Andhra Pradesh, Arunachal Pradesh, Assam, Bihar, Gujarat, Himachal Pradesh, Jammu and Kashmir, Karnataka, Kerala, Maharashtra, Madyha Pradesh, Orissa, Punjab, Rajasthan, Sikkim, Uttar Pradesh, West Bengal states Flood",Flood,Police,Police / Evacuation,"Widespread displacement (29259000 affected). Evacuation routes were clogged. Lesson: For major Floods, prioritize Police to establish one-way evacuation routes before dispatching Fire/Medical."
"1998 Assam, Arunachal, Bihar, Kerala, Meghalaya, Punjab, Sikkim, Uttar Pradesh, West Bengal states Flood",Flood,Police,Police / Evacuation,"Widespread displacement (29227200 affected). Evacuation routes were clogged. Lesson: For major Floods, prioritize Police to establish one-way evacuation routes before dispatching Fire/Medical."
"1979 Uttar Pradesh, Bihar, West Bengal Flood",Flood,Police,Police / Evacuation,"Widespread displacement (26000000 affected). Evacuation routes were clogged. Lesson: For major Floods, prioritize Police to establish one-way evacuation routes before dispatching Fire/Medical."
"2000 Birbhum, Bardhaman, Murshidabad, Maldah districts (West Bengal province), Dumka, Sahibganj, Deoghar districts (Jharkhand province), Banka, Bhagalpur, Munger, Sheikhpura districts (Bihar province) Flood",Flood,Police,Police / Evacuation,"Widespread displacement (24600000 affected). Evacuation routes were clogged. Lesson: For major Floods, prioritize Police to establish one-way evacuation routes before dispatching Fire/Medical."
"2018 Thrissur, Chengannur (Kerala state); West Bengal, Odisha, Assam, Nagaland, Uttar Pradesh, Himachal Pradesh, Maharashtra states Flood",Flood,Police,Police / Evacuation,"Widespread displacement (23220000 affected). Evacuation routes were clogged. Lesson: For major Floods, prioritize Police to establish one-way evacuation routes before dispatching Fire/Medical."
"1999 Uttar Pradesh, Bihar, West Bengal, Madhya Prasdeh, Delhi Flood",Flood,Police,Police / Evacuation,"Widespread displacement (22120000 affected). Evacuation routes were clogged. Lesson: For major Floods, prioritize Police to establish one-way evacuation routes before dispatching Fire/Medical."
"2000 Katihar, Sitamarhi districts (Bihar province), Kinnaur district (Himachal Pradesh province), Bankura, Barddhaman, Birbhum, Haora, Hugli, Maldah, Murshidabad, Nadia, North 24 Parganas, West Midnapore districts (West Bengal province), Pithoragarh, Naini Tal districts (Uttarakhand province), Ahmadabad district (Gujarat province), Andhra Pradesh, Assam, Arunachal Pradesh, Madhya Pradesh, Punjab, Uttar Pradesh, Maharashtra, Rajasthan, Chandigarh, Kerala Flood",Flood,Police,Police / Evacuation,"Widespread displacement (22000000 affected). Evacuation routes were clogged. Lesson: For major Floods, prioritize Police to establish one-way evacuation routes before dispatching Fire/Medical."
"1988 Dharbhanga, Madhubani, Saharsa, Munger, Khagana, Bihar Sharie (Bihar State) Earthquake",Earthquake,Medical,Medical / Triage,"Massive casualty count (3766 injured). Medical was overwhelmed. Lesson: For Earthquakes of this scale, prioritize setting up forward triage points and request mutual aid ambulances immediately."
"2005 Gujarat, Madhya Pradesh, Maharashtra, Goa, Orissa, Karnataka, Himachal Pradesh, Jammu and Kashmir provinces Flood",Flood,Police,Police / Evacuation,"Widespread displacement (20000055 affected). Evacuation routes were clogged. Lesson: For major Floods, prioritize Police to establish one-way evacuation routes before dispatching Fire/Medical."
Cyclone 'Fani',Storm,Police,Police / Evacuation,"Widespread displacement (20000000 affected). Evacuation routes were clogged. Lesson: For major Storms, prioritize Police to establish one-way evacuation routes before dispatching Fire/Medical."
"2007 Bihar, Uttar Pradesh, Assam, Orissa, West Bengal provinces Flood",Flood,Police,Police / Evacuation,"Widespread displacement (18700000 affected). Evacuation routes were clogged. Lesson: For major Floods, prioritize Police to establish one-way evacuation routes before dispatching Fire/Medical."
"1987 Assam, Bihar, West Bengal Flood",Flood,Police,Police / Evacuation,"Widespread displacement (18000000 affected). Evacuation routes were clogged. Lesson: For major Floods, prioritize Police to establish one-way evacuation routes before dispatching Fire/Medical."
Cyclone 'Amphan',Storm,Police,Police / Evacuation,"Widespread displacement (18000000 affected). Evacuation routes were clogged. Lesson: For major Storms, prioritize Police to establish one-way evacuation routes before dispatching Fire/Medical."
"2017 Araria, Jogbani (Bihar); Uttar Pradesh, West Bengal Flood",Flood,Police,Police / Evacuation,"Widespread displacement (17200000 affected). Evacuation routes were clogged. Lesson: For major Floods, prioritize Police to establish one-way evacuation routes before dispatching Fire/Medical."
"1988 Bihar, West Bengal, Assam Flood",Flood,Police,Police / Evacuation,"Widespread displacement (16500000 affected). Evacuation routes were clogged. Lesson: For major Floods, prioritize Police to establish one-way evacuation routes before dispatching Fire/Medical."
1984 North-East states Flood,Flood,Police,Police / Evacuation,"Widespread displacement (16000000 affected). Evacuation routes were clogged. Lesson: For major Floods, prioritize Police to establish one-way evacuation routes before dispatching Fire/Medical."
1981 nan Flood,Flood,Police,Police / Evacuation,"Widespread displacement (16000000 affected). Evacuation routes were clogged. Lesson: For major Floods, prioritize Police to establish one-way evacuation routes before dispatching Fire/Medical."
"1977 Tamil Nadu, Andhra Pradesh, Kerala Storm",Storm,Police,Police / Evacuation,"Widespread displacement (14469800 affected). Evacuation routes were clogged. Lesson: For major Storms, prioritize Police to establish one-way evacuation routes before dispatching Fire/Medical."
"2015 Kachchh, Patan, Banas Kantha districts (Gujarat province), Malda, Jalpaiguri districts (West Bengal province), Jorhat, Dhemaji, Lakhimpur, Dhuburi, Darrang, Goalpara, Karbi Anglong, Marigaon districts (Assam province), Manipur, Orissa, Rajasthan, Madhya Pradesh provinces Flood",Flood,Police,Police / Evacuation,"Widespread displacement (13709887 affected). Evacuation routes were clogged. Lesson: For major Floods, prioritize Police to establish one-way evacuation routes before dispatching Fire/Medical."
Cyclone Phailin,Storm,Police,Police / Evacuation,"Widespread displacement (13230000 affected). Evacuation routes were clogged. Lesson: For major Storms, prioritize Police to establish one-way evacuation routes before dispatching Fire/Medical."
05B,Storm,Medical,Medical / Triage,"Massive casualty count (3312 injured). Medical was overwhelmed. Lesson: For Storms of this scale, prioritize setting up forward triage points and request mutual aid ambulances immediately."
"1994 Assam, Arunachal Pradesh, Jammu and Kashmir, Himachal, Punjab, Uttar Pradesh, Goa, Kerala, Gujarat states Flood",Flood,Police,Police / Evacuation,"Widespread displacement (12060050 affected). Evacuation routes were clogged. Lesson: For major Floods, prioritize Police to establish one-way evacuation routes before dispatching Fire/Medical."
"2007 Assam, Arunachal Pradesh, Meghalaya, Manipur provinces Flood",Flood,Police,Police / Evacuation,"Widespread displacement (11100000 affected). Evacuation routes were clogged. Lesson: For major Floods, prioritize Police to establish one-way evacuation routes before dispatching Fire/Medical."
"1970 North-East, Western, North Flood",Flood,Medical,Medical / Triage,"Massive casualty count (1000 injured). Medical was overwhelmed. Lesson: For Floods of this scale, prioritize setting up forward triage points and request mutual aid ambulances immediately."
"2023 Himachal Pradesh, Uttarakhand, Delhi, Bihar, Madyah Pradesh, Maharashtra, Chhattisgarh, Gujarat, Punjab, Karnataka, Assam Flood",Flood,Police,Police / Evacuation,"Widespread displacement (10250000 affected). Evacuation routes were clogged. Lesson: For major Floods, prioritize Police to establish one-way evacuation routes before dispatching Fire/Medical."
"1985 Uttar Pradesh, West Bengal, Punjab (North, North-West, East India) Flood",Flood,Police,Police / Evacuation,"Widespread displacement (10225000 affected). Evacuation routes were clogged. Lesson: For major Floods, prioritize Police to establish one-way evacuation routes before dispatching Fire/Medical."
1979 nan Drought,Drought,Police,Police / Evacuation,"Widespread displacement (10000000 affected). Evacuation routes were clogged. Lesson: For major Droughts, prioritize Police to establish one-way evacuation routes before dispatching Fire/Medical."
"2001 Marshagal, Mahakalpada villages (Kendrapara district, Orissa province), Kakatpur, Astaranga, Kanas, Delanga villages (Puri district, Orissa province), Banki, Kantapada villages (Cuttack district, Orissa province), Balipatna villages (Khordha district, Orissa province), Atharmalik villages (Angul district, Orissa province), Jajpur, Jagatsinghpur, Kalahandi, Koraput, Bolangir, Nayagarh, Baleshwar, Bhadrak districts (Orissa province), Dhamtari, Raipur, Mahasamund, Janjgir-Champa, Raigarh districts (Chhattisgarh province) Flood",Flood,Police,Police / Evacuation,"Widespread displacement (9670000 affected). Evacuation routes were clogged. Lesson: For major Floods, prioritize Police to establish one-way evacuation routes before dispatching Fire/Medical."
"2018 Karnataka, Maharashtra states Drought",Drought,Police,Police / Evacuation,"Widespread displacement (8200000 affected). Evacuation routes were clogged. Lesson: For major Droughts, prioritize Police to establish one-way evacuation routes before dispatching Fire/Medical."
"2001 Ahmadabad, Amreli, Anand, Banas Kantha, Bharuch, Bhavnagar, Dahdod, Gandhinagar, Jamnagar, Junagadh, Kachchh, Kheda, Mahesana, Navsari, Patan, Porbandar, Rajkot, Sabar Kantha, Surat, Surendranagar, Vadodara districts (Gurajat province) Earthquake",Earthquake,Medical,Medical / Triage,"Massive casualty count (166812 injured). Medical was overwhelmed. Lesson: For Earthquakes of this scale, prioritize setting up forward triage points and request mutual aid ambulances immediately."
"2008 Lakhimpu, Dhemaji, Sonitpur districts (Assam province), West Bengal, Orissa, Bihar, Gujarat, Goa, Haryana, Kerala, Karnataka, Maharastra, Madhya Pradesh, Punjab, Rajasthan, Uttar Pradesh, Tamil Nadu, Arunachal Pradesh, Uttarakhand, Jharkhand provinces Flood",Flood,Police,Police / Evacuation,"Widespread displacement (7900000 affected). Evacuation routes were clogged. Lesson: For major Floods, prioritize Police to establish one-way evacuation routes before dispatching Fire/Medical."
"1968 (1) Rajasthan, Gujarat - (2) North-East, West Bengal, Assam Flood",Flood,Police,Police / Evacuation,"Widespread displacement (7500000 affected). Evacuation routes were clogged. Lesson: For major Floods, prioritize Police to establish one-way evacuation routes before dispatching Fire/Medical."
"2007 Baleshwar, Kendrapara, Bhadrak, Jagatsinghpur, Jajpur, Mayurbhanj, Khordha, Cuttack, Puri, Kandhamal districts (Orissa province), Kolkata, South 24 Parganas, East Midnapore, West Midnapore, Hughli districts (West Bengal province) Flood",Flood,Police,Police / Evacuation,"Widespread displacement (7200000 affected). Evacuation routes were clogged. Lesson: For major Floods, prioritize Police to establish one-way evacuation routes before dispatching Fire/Medical."
07B,Storm,Police,Police / Evacuation,"Widespread displacement (7000000 affected). Evacuation routes were clogged. Lesson: For major Storms, prioritize Police to establish one-way evacuation routes before dispatching Fire/Medical."
"2001 Gopalganj, Purba Champaran, Pashchim Champaran, Muzaffarpur, Vaishali, Saran districts (Bihar province) Flood",Flood,Police,Police / Evacuation,"Widespread displacement (7000000 affected). Evacuation routes were clogged. Lesson: For major Floods, prioritize Police to establish one-way evacuation routes before dispatching Fire/Medical."
